timestamp,block
1653868800,28931584
1653955200,28971170
1654041600,29011769
1654128000,29052216
1654214400,29093234
1654300800,29133619
1654387200,29174251
1654473600,29215194
1654560000,29254405
1654646400,29294398
1654732800,29334792
1654819200,29374804
1654905600,29414245
1654992000,29455400
1655078400,29495953
1655164800,29536016
1655251200,29576783
1655337600,29617176
1655424000,29655731
1655510400,29694828
1655596800,29732931
1655683200,29771639
1655769600,29808098
1655856000,29847031
1655942400,29885980
1656028800,29924701
1656115200,29962658
1656201600,29999144
1656288000,30038574
1656374400,30077156
1656460800,30116196
1656547200,30154860
1656633600,30194066
1656720000,30231863
1656806400,30269197
1656892800,30307869
1656979200,30346110
1657065600,30384255
1657152000,30422351
1657238400,30462397
1657324800,30502490
1657411200,30541808
1657497600,30581985
1657584000,30621439
1657670400,30659883
1657756800,30696856
1657843200,30731994
1657929600,30768848
1658016000,30803671
1658102400,30841011
1658188800,30878163
1659139200,31294249
1659225600,31333224
1659312000,31372367
1659398400,31412550
1659484800,31451753
1659571200,31490636
1659657600,31528675
1659744000,31566877
1659830400,31604594
1659916800,31639276
1660003200,31676273
